id,slug,website_before,website_after,changed
"1f5d72e3-3f0e-4aec-b109-24021758bdc0","4-hearts-brewing","https://yourmatesbrewing.com/?utm_source=google&utm_medium=gmb&utm_campaign=profile_clicks","https://yourmatesbrewing.com/",yes
"9ba52135-9741-409d-928e-9722f09e2c72","4-pines-brewpub-manly","https://4pinesbeer.com.au/venues/brewpub-manly?utm_source=google&utm_medium=organic&utm_campaign=GMB&utm_content=manly_brewpub","https://4pinesbeer.com.au/venues/brewpub-manly",yes
"f547fb0d-aaed-4b9f-8fb3-fdf8c56dceed","4-pines-charlestown","https://4pinesbeer.com.au/venues/4-pines-charlestown?utm_source=google&utm_medium=organic&utm_campaign=GMB&utm_content=charlestown","https://4pinesbeer.com.au/venues/4-pines-charlestown",yes
"7781a5be-fa0f-4dcd-b97e-3bcd87e0b2be","abe-ceramics","https://www.abeceramics.com.au/?utm_source=google&utm_medium=wix_google_business_profile&utm_campaign=15488966646842482659","https://www.abeceramics.com.au/",yes
"9be6eb10-ef6c-4050-8285-d38238f38c9b","adrift-print","https://adriftprint.com.au/?utm_source=google&utm_medium=organic&utm_campaign=gmb","https://adriftprint.com.au/",yes
"addf4df2-2177-49f8-a180-37ac1ee1dd0a","akmans-com-au","https://www.akmans.com.au/?utm_source=google&utm_medium=wix_google_business_profile&utm_campaign=12456527437252645994","https://www.akmans.com.au/",yes
"28dbe58b-52e0-4f88-a2e1-4574faced7e3","alana-maria-jewellery-byron-bay","https://alanamariajewellery.com/?utm_source=google&utm_medium=organic&utm_campaign=gmb_byron_bay","https://alanamariajewellery.com/",yes
"95dfce07-9807-40a3-830d-58810203bb6b","aldine-printers","https://www.aldineprinters.com.au/?utm_source=google&utm_medium=organic&utm_campaign=gmb","https://www.aldineprinters.com.au/",yes
"b8033224-add7-41ac-8d27-046e5493b7f7","alice-springs-brewing","https://www.alicespringsbrewingco.com.au/?utm_source=google_business_profile&utm_medium=gbp_view_website&utm_campaign=gbp","https://www.alicespringsbrewingco.com.au/",yes
"d5efa212-5dbe-4f7b-a11c-804b7506b6de","allgem-jewellers","http://www.allgem.com.au/?utm_source=google&utm_medium=organic&utm_campaign=gmb","http://www.allgem.com.au/",yes
"966c7709-a032-44f5-bd8d-83dd2560b8cd","anarchy-wood-concepts","https://www.anarchywoodconcepts.com/?utm_source=google&utm_medium=wix_google_business_profile&utm_campaign=9867937091111166619","https://www.anarchywoodconcepts.com/",yes
"bfaa79ab-f2e9-48e1-abcd-7e7e3919d55f","anatolia-mediterranean-restaurant","https://www.anatoliarestaurant.com.au/?utm_source=google&utm_medium=organic&utm_campaign=gmb","https://www.anatoliarestaurant.com.au/",yes
"51696345-f383-49b2-a835-ad4960c704e9","annys-jewellers-frankston","https://www.annys.com.au/?utm_source=google-my-business&utm_medium=organic&utm_campaign=gmb","https://www.annys.com.au/",yes
"6e13b9a5-b562-4433-b44a-1992c613fb3a","antons-new-and-used-furniture","https://www.antonsfurniture.com.au/?utm_source=google&utm_medium=organic&utm_campaign=gmb","https://www.antonsfurniture.com.au/",yes
"84320f9f-2945-401d-a842-6d5072479360","applewood-distillery","https://www.applewooddistillery.com.au/?utm_source=google&utm_medium=organic&utm_campaign=gmb","https://www.applewooddistillery.com.au/",yes
"9e77ed3a-9869-4eca-9d8e-656961876274","art-nuvo-gallery-framing-and-art-restorations","https://www.artnuvobuderim.com.au/Home?utm_source=google&utm_medium=organic&utm_campaign=gmb","https://www.artnuvobuderim.com.au/Home",yes
"440cf756-cb30-4e83-bcef-a21e29e4c6fe","artisans-bespoke-jewellers","http://www.artisansbespokejewellers.com/?utm_source=google&utm_medium=organic&utm_campaign=gbp","http://www.artisansbespokejewellers.com/",yes
"89d419a1-9da3-487e-bb38-87f8949f0d87","atelier-diamant","https://www.atelierdiamant.com.au/?utm_source=google&utm_medium=organic&utm_campaign=gbp","https://www.atelierdiamant.com.au/",yes
"23bc57fb-9480-466f-b73d-17e6db5283a1","audrey-fine-art-gallery","https://audreyfineart.com.au/?utm_source=google&utm_medium=organic&utm_campaign=google_my_business","https://audreyfineart.com.au/",yes
"774e3223-9170-42d6-b847-004816ef5607","austen-and-blake-canberra-showroom","https://www.austenblake.com.au/customer-care/viewings/canberra?utm_source=google&utm_medium=organic&utm_campaign=gmb-prfle&utm_content=canberra","https://www.austenblake.com.au/customer-care/viewings/canberra",yes
"57d15e9a-fee8-44b2-a817-15553277c46c","austen-and-blake-hobart","https://www.austenblake.com.au/customer-care/viewings/hobart?utm_source=google&utm_medium=organic&utm_campaign=gmb-prfle&utm_content=hobart","https://www.austenblake.com.au/customer-care/viewings/hobart",yes
"f75b15a9-c6c6-49d3-87ea-3964bcb6ef7e","austen-and-blake-wollongong-showroom","https://www.austenblake.com.au/customer-care/viewings/wollongong?utm_source=google&utm_medium=organic&utm_campaign=gmb-prfle&utm_content=wollongong","https://www.austenblake.com.au/customer-care/viewings/wollongong",yes
"e5fc84e6-53a9-438a-9014-027fe9f6f274","austins-co","https://austinswines.com.au/?utm_source=gbp&utm_medium=organic&utm_campaign=website-button","https://austinswines.com.au/",yes
"a3ca61ec-6bcd-4ac8-8348-704a5a900cb3","austins-wines","https://austinswines.com.au/?utm_source=gbp&utm_medium=organic&utm_campaign=website-button","https://austinswines.com.au/",yes
"414996b3-f895-4cd6-8a8f-824344bbe61b","bago-maze-and-wine","https://www.bago.com.au/?utm_source=gmb&utm_medium=organic","https://www.bago.com.au/",yes
"aac79e21-d905-4ee5-aa64-d3d14d28db2a","bago-vineyards","https://www.bago.com.au/?utm_source=gmb&utm_medium=organic","https://www.bago.com.au/",yes
"f9f7136f-ebca-45ef-bcc1-90ba593c990a","bago-woodworks","http://www.bagowoodworks.com/?utm_source=google&utm_medium=organic&utm_campaign=gmb","http://www.bagowoodworks.com/",yes
"22446841-702d-4364-9f6c-d82bdafae97a","ballarat-vintage-collectables-market","https://www.ballaratvintagecollectablesmarket.com.au/?utm_source=google&utm_medium=organic&utm_campaign=gmb","https://www.ballaratvintagecollectablesmarket.com.au/",yes
"2273da61-ef7d-499d-8968-3ca43bac0e95","balter-brewing","https://www.balter.com.au/tap-room/about?utm_source=google&utm_medium=organic&utm_campaign=gmb","https://www.balter.com.au/tap-room/about",yes
"c72e5cf5-73b7-4eac-b088-706a6a6bc8ab","balter-brewing-company","https://www.balter.com.au/tap-room/about?utm_source=google&utm_medium=organic&utm_campaign=gmb","https://www.balter.com.au/tap-room/about",yes
"638cd970-ed13-4844-8f6d-70d711d2d242","barossa-distilling-co","https://barossadistilling.com/?utm_source=GMB&utm_medium=organic&utm_campaign=GMB","https://barossadistilling.com/",yes
"c933a8ff-5577-46a9-9e03-5c6a3eff994c","bcreative-patchwork-and-sewing","https://www.bcreativepatchwork.com/?utm_source=google&utm_medium=organic&utm_campaign=gmb","https://www.bcreativepatchwork.com/",yes
"a6c87ea1-bea7-4e82-acf1-84c7ce241faa","bellarine-spirits","https://www.bellarinespirits.com.au/?utm_source=google&utm_medium=wix_google_business_profile&utm_campaign=17087542723826486593","https://www.bellarinespirits.com.au/",yes
"763b80f4-27b8-4dd8-9c8c-604a3888ee3e","binna-burra-timbers-and-cabinets","https://www.localsearch.com.au/profile/binna-burra-timbers-cabinets/port-macquarie-nsw-2444/3MUI?utm_campaign=gmb&utm_medium=organic&utm_source=google","https://www.localsearch.com.au/profile/binna-burra-timbers-cabinets/port-macquarie-nsw-2444/3MUI",yes
"0c1291f5-3fd3-4e92-9716-79a8be75d873","birch-restorations","https://www.localsearch.com.au/profile/birch-restorations/bonny-hills-nsw/utW9?fbclid=PAAaZNxYOF2d2ronuEt7BRFnjr0qto31x7N1Af5u3lHkW2K2Q98FgNKiSVXfk","https://www.localsearch.com.au/profile/birch-restorations/bonny-hills-nsw/utW9",yes
"790d2649-15a2-46c5-8526-43f284d94931","black-gate-distillery-mendooran","https://www.blackgatedistillery.com/?utm_source=google&utm_medium=wix_google_business_profile&utm_campaign=11264087470386142378","https://www.blackgatedistillery.com/",yes
"7bebd615-eb84-43e5-94e3-1a4f3134339f","blackhearts-sparrows-brew","https://www.blackheartsandsparrows.com.au/?utm_source=google&utm_medium=organic&utm_campaign=FitzroyNorthGMB&utm_content=GMB","https://www.blackheartsandsparrows.com.au/",yes
"4ca7f5f5-3cd0-47a4-a22c-5434ab7df7e7","blacklist-coffee-roasters","https://blacklistcoffee.com.au/?utm_source=google&utm_medium=gmb&utm_campaign=welshpool","https://blacklistcoffee.com.au/",yes
"1a1692a9-93db-4e7f-8f69-2ae546e0f027","brandy-creek-estate","https://brandycreekestate.com.au/?utm_source=Google_My_Business&utm_medium=Organic&utm_campaign=Brandy+Creek+Estate+VIC","https://brandycreekestate.com.au/",yes
"4a0aca3a-ce79-406c-8316-129636b42777","bress-wines","https://www.visitmacedonranges.com/tourism-listing/hanging-rock/?utm_medium=organic&utm_source=google&utm_campaign=gbp-listing-hanging-rock","https://www.visitmacedonranges.com/tourism-listing/hanging-rock/",yes
"25ed3283-9719-44c6-ab7e-da0abe114302","brown-brothers-patricia","https://www.brownbrothers.com.au/?utm_source=gmb&utm_medium=organic&utm_campaign=gmb","https://www.brownbrothers.com.au/",yes
"a224bb65-4494-4de2-89cd-f6bbb925b65f","brown-brothers-winery","https://www.brownbrothers.com.au/?utm_source=gmb&utm_medium=organic&utm_campaign=gmb","https://www.brownbrothers.com.au/",yes
"a8b295aa-38c3-4281-a427-1e80588771aa","bulli-glass","https://www.bulliglass.com.au/?utm_source=google&utm_medium=organic&utm_campaign=gmb","https://www.bulliglass.com.au/",yes
"0a7f9080-5a3b-4c1b-acbb-4d5a00f8eafe","bushy-art-gallery","https://instagram.com/bruneldoubre?igshid=MzMyNGUyNmU2YQ==&utm_source=qr","https://instagram.com/bruneldoubre?igshid=MzMyNGUyNmU2YQ==",yes
"9b4db4b7-3d64-40c6-a8b5-ec800967d2fd","butcher-and-the-farmer-tramsheds","https://butcherandthefarmer.com/au/sydney/tramsheds/?utm_source=google&utm_medium=organic&utm_campaign=yext&utm_content=booking-tramsheds","https://butcherandthefarmer.com/au/sydney/tramsheds/",yes
"3ab9fd18-68e0-4921-bbe9-d31a59de854a","cairns-custom-wardrobes","https://www.cairnscustomwardrobes.com/?utm_source=google&utm_medium=organic&utm_campaign=gmb","https://www.cairnscustomwardrobes.com/",yes
"dbddd13c-5379-46d2-b32c-0f3978ab79dc","cairns-printshop","https://www.cairnsprintshop.com/?utm_source=google&utm_medium=wix_google_business_profile&utm_campaign=11931761797781408051","https://www.cairnsprintshop.com/",yes
"bb3742cb-5113-4151-aaa4-601f1c85c827","camel-rock-brewhouse","http://www.camelrockbrewhouse.com.au/?utm_source=googlemybusiness&utm_medium=referral&utm_campaign=park-listing","http://www.camelrockbrewhouse.com.au/",yes
"d1fec35b-b917-4a63-8eb7-08542e57f844","camera-house-darwin","https://darwin.camerahouse.com.au/store/darwin?utm_source=gmb&utm_medium=organic&utm_campaign=darwin","https://darwin.camerahouse.com.au/store/darwin",yes
"a185b9a9-261e-464f-b50e-557ae1d222ad","capital-sewing-studio","https://www.dreamsewingcentre.com/?utm_source=google&utm_medium=organic&utm_campaign=gmb","https://www.dreamsewingcentre.com/",yes
"1359dc96-cbb9-49a3-aed9-f44ac72d3903","cedar-creek-estate","https://cedarcreekestate.com.au/?utm_source=google&utm_medium=organic&utm_campaign=gmb-listing","https://cedarcreekestate.com.au/",yes
"c1d73b83-9258-480b-a360-3a3f23acf5fb","cedar-creek-estate-vineyard-and-winery","https://cedarcreekestate.com.au/?utm_source=google&utm_medium=organic&utm_campaign=gmb-listing","https://cedarcreekestate.com.au/",yes
"699fd310-9691-4d55-9bd8-0aa4b85e0296","chief-of-staff","https://www.hereslookingatyoukid.com.au/?utm_source=google&utm_medium=organic&utm_campaign=gmb","https://www.hereslookingatyoukid.com.au/",yes
"d54291fd-990a-4568-ae2e-b42423400bb1","choices-flooring-ballarat","https://www.choicesflooring.com.au/stores/victoria/ballarat?utm_source=GMB&utm_medium=Organic&utm_id=Stores","https://www.choicesflooring.com.au/stores/victoria/ballarat",yes
"58f47f70-036d-45ba-95c9-1df724a5fe52","chris-williams-retail-and-manufacturing-jewellers","https://chriswilliamsjewellers.com/?utm_source=google&utm_medium=organic&utm_campaign=gmb","https://chriswilliamsjewellers.com/",yes
"e734d083-7c3c-49d9-bf89-e4a5c9072b85","colourworks-australia","https://www.colourworks.com.au/?utm_source=google&utm_medium=organic&utm_campaign=gmb_port-macquarie","https://www.colourworks.com.au/",yes
"f76e8227-971e-445b-a331-7560fbba1294","create-print-and-design","http://www.create-design.com.au/?utm_source=google&utm_medium=organic&utm_campaign=gmb","http://www.create-design.com.au/",yes
"f30310b5-30ab-433c-8762-e3b76dc783a3","creative-native","https://creativenative.com.au/?utm_source=google_business_profile&utm_medium=organic","https://creativenative.com.au/",yes
"a28c40f3-82fb-40ba-9f04-9402089c666e","creswick-natural-fibres-daylesford-store","https://www.creswickwool.com/?utm_source=Google&utm_medium=GMB&utm_campaign=Daylesford","https://www.creswickwool.com/",yes
"e669ff17-94ff-475c-bd9c-02f7e80d4973","crittenden-estate","https://www.crittendenwines.com.au/?utm_source=gbp&utm_medium=organic&utm_campaign=website-button","https://www.crittendenwines.com.au/",yes
"0532ea14-8f75-4ffe-874b-4cc6a22bf732","curated-x-daylesford","https://www.curatedxdaylesford.com/?utm_source=google&utm_medium=wix_google_business_profile&utm_campaign=17991644726627584993","https://www.curatedxdaylesford.com/",yes
"6e00ce56-3f73-4882-b16e-a93d741722f4","custom-cabinets-design","https://www.ccddesign.com.au/?utm_source=google&utm_medium=organic&utm_campaign=gmb","https://www.ccddesign.com.au/",yes
"5fe43e5d-2d72-4766-b166-436d4afe0afe","darling-downs-glass-and-security","https://ddgs.com.au/?utm_source=google&utm_medium=organic&utm_campaign=gmb","https://ddgs.com.au/",yes
"7823994c-0093-4f32-b265-3117fd2f00d9","dds-diamond-design-studios-wedding-engagement-rings-adelaide","https://ddsdiamonds.com.au/?utm_source=google&utm_medium=organic&utm_campaign=gmb&utm_content=website_button","https://ddsdiamonds.com.au/",yes
"11cfef80-8a30-4884-bd8a-3eed6ca89d11","devils-corner","https://www.devilscorner.com.au/?utm_source=gmb&utm_medium=organic&utm_campaign=gmb","https://www.devilscorner.com.au/",yes
"806c0dea-fd06-4ac4-9366-7a0db605a01c","devils-corner-cellar-door","https://www.devilscorner.com.au/?utm_source=gmb&utm_medium=organic&utm_campaign=gmb","https://www.devilscorner.com.au/",yes
"1309ac48-3e1d-444c-b551-3cbb72739f9f","diamondport-jewellers","https://diamondport.com.au/?utm_source=google&utm_medium=organic&utm_campaign=gmb","https://diamondport.com.au/",yes
"d5af18f1-bb76-464c-adb1-edcfc091ecd4","dusky-studio","https://instagram.com/dusky.studiio?utm_source=qr","https://instagram.com/dusky.studiio",yes
"84417892-9d19-43d9-b76d-6821dbff045d","eagle-bay-brewing","https://eaglebaybrewing.com.au/?utm_source=google&utm_medium=organic&utm_campaign=gbp","https://eaglebaybrewing.com.au/",yes
"79977646-064f-4542-b55e-972b973e1240","eagle-bay-brewing-co","https://eaglebaybrewing.com.au/?utm_source=google&utm_medium=organic&utm_campaign=gbp","https://eaglebaybrewing.com.au/",yes
"7f6b57f4-eec9-4210-8698-d61786728fb8","embella-jewellery","https://www.embella.com.au/?utm_source=google&utm_medium=organic&utm_campaign=gbp","https://www.embella.com.au/",yes
"66f4cba2-6630-4a67-8831-67ea193b338f","emprades-vintage-design","https://emprades.com.au/?utm_source=GoogleLocal&utm_medium=BusinessPage&utm_campaign=GooglePage","https://emprades.com.au/",yes
"3d8a94a7-8444-4f1e-832d-c4c7c50a67d6","ep-fine-art-gallery","https://eleonorapulcinifineart.com/launceston-gallery/?utm_source=google&utm_medium=organic&utm_campaign=gbp&utm_content=lton","https://eleonorapulcinifineart.com/launceston-gallery/",yes
"fd4021c9-f900-41b3-86ac-9e129262cfb6","ep-fine-art-gallery-tas","https://eleonorapulcinifineart.com/launceston-gallery/?utm_source=google&utm_medium=organic&utm_campaign=gbp&utm_content=lton","https://eleonorapulcinifineart.com/launceston-gallery/",yes
"a532f6f7-6e4a-47eb-8f15-eb2004929a3e","eureka-furniture-port-macquarie","https://www.eurekafurniture.com.au/?utm_source=google&utm_medium=organic&utm_campaign=Google+My+Business&utm_content=Eureka+Furniture+Port+Macquarie&utm_term=plcid_16774835146485791093","https://www.eurekafurniture.com.au/",yes
"dd7e2d33-f809-4491-881e-da26a13fab9a","fabric-cartel","https://fabriccartel.com/?utm_source=google&utm_medium=organic&utm_campaign=gmb","https://fabriccartel.com/",yes
"f8c316fe-9ffe-4e43-b092-39e4af7ee732","felicity-ceramics","https://www.felicityceramics.com/?utm_source=google&utm_medium=wix_google_business_profile&utm_campaign=13276361992264953934","https://www.felicityceramics.com/",yes
"aca10db4-8c17-423e-adaa-af49b8c8a36f","felicity-ceramics-nsw","https://www.felicityceramics.com/?utm_source=google&utm_medium=wix_google_business_profile&utm_campaign=13276361992264953934","https://www.felicityceramics.com/",yes
"ad0abe87-f9ae-4b66-9277-42a3d1cc5a87","five-eleven-distilling","http://fiveelevendistilling.com.au/?utm_source=google&utm_medium=GBP&utm_campaign=StAgnes&utm_content=MainLink","http://fiveelevendistilling.com.au/",yes
"d2e40886-6d53-47dc-aae3-75bccaa055c8","flair-jewellery-on-kawana","https://www.flairjewellery.com.au/?utm_source=google&utm_medium=gmb&utm_campaign=clicks&utm_content=visit-now","https://www.flairjewellery.com.au/",yes
"b0e04ee2-471f-42c3-a108-bea794e4292f","flying-colours-group","https://thefcgroup.com.au/?utm_source=google&utm_medium=organic&utm_campaign=Google%20My%20Business&utm_content=Flying%20Colours%20Group%20-%20Kings%20Meadows","https://thefcgroup.com.au/",yes
"57dc990f-f04c-4331-b8b8-b6296a1d3a79","flying-colours-group-tas","https://thefcgroup.com.au/?utm_source=google&utm_medium=organic&utm_campaign=Google%20My%20Business&utm_content=Flying%20Colours%20Group%20-%20Kings%20Meadows","https://thefcgroup.com.au/",yes
"6dfed4a1-44a9-4dab-991a-f5fed1ebf1b9","four-pillars-gin","https://www.fourpillarsgin.com/?utm_source=google&utm_medium=organic&utm_campaign=GMB-Distillery","https://www.fourpillarsgin.com/",yes
"f102bef9-a581-4a40-a8c3-c04aa7948c73","four-pillars-gin-distillery","https://www.fourpillarsgin.com/?utm_source=google&utm_medium=organic&utm_campaign=GMB-Distillery","https://www.fourpillarsgin.com/",yes
"0340a8c5-6b3f-4fda-8a86-b9cf0488ddc4","four-pines-brewing","https://4pinesbeer.com.au/venues/truckbar-brookvale?utm_source=google&utm_medium=organic&utm_campaign=GMB&utm_content=truckbar_brookvale","https://4pinesbeer.com.au/venues/truckbar-brookvale",yes
"83548d31-5a90-4a28-b1d8-a5d0bd43235b","fox-friday","https://mountainculture.com.au/pages/hobart-craft-beer-taproom?utm_source=organic&utm_medium=gbp_listing&utm_content=hobart","https://mountainculture.com.au/pages/hobart-craft-beer-taproom",yes
"60d3a2a3-0903-4399-bd6d-816b26447ffe","francesca-jewellery-hobart","https://www.francesca.com.au/?utm_source=gmb_listing&utm_medium=organic","https://www.francesca.com.au/",yes
"3d0fede6-84e9-41e0-928a-3578cb4e161b","francis-furniture","http://www.francisfurniture.com.au/?utm_source=google&utm_medium=organic&utm_campaign=gmb","http://www.francisfurniture.com.au/",yes
"02c81d54-2bf8-4b43-bcce-c859e3a6bc4c","gabbinbar","https://gabbinbar.com.au/?utm_source=google&utm_medium=organic&utm_campaign=gbp","https://gabbinbar.com.au/",yes
"a5217bea-5405-404b-8aa1-4a0c4bb22f2e","gads-glass-and-shower-screens","https://www.gadsglass.com/?utm_source=google&utm_medium=organic&utm_campaign=gmb","https://www.gadsglass.com/",yes
"324b8f08-ba2b-4ce2-b1aa-63467d4584c9","gallery-360","https://gallery360.com.au/?utm_source=google&utm_medium=organic&utm_campaign=gmb","https://gallery360.com.au/",yes
"776bc6b6-0785-43e3-9e06-2f2976d6a64d","girraween-estate","https://parks.des.qld.gov.au/parks/girraween?utm_source=google&utm_medium=organic&utm_campaign=gmb&utm_content=girraween","https://parks.des.qld.gov.au/parks/girraween",yes
"5c682ac7-6f00-414c-81d8-c756135bbcd7","glenworth-valley-eco-villas","https://glenworth.com.au/eco-villas/?utm_source=google&utm_medium=business-profile","https://glenworth.com.au/eco-villas/",yes
"6331ed8e-9e3b-4049-9951-199e8b39a16d","gold-coast-printers","https://www.goldcoastprinters.net.au/?utm_source=GMB","https://www.goldcoastprinters.net.au/",yes
"473cb7b6-d851-4fb9-9251-b5e356102119","gorge-view-bush-retreat","https://www.gorgeview.com.au/?utm_medium=organic&utm_source=google&utm_campaign=gbp-listing","https://www.gorgeview.com.au/",yes
"c53ffa56-552b-465b-a86b-0a57d829596e","happs-pottery","https://www.happspottery.com.au/?utm_source=googlemaps","https://www.happspottery.com.au/",yes
"88550961-57cf-44cd-be41-319ec25a294f","happy-valley-brewing-company","https://happyvalleybrewingco.com.au/?utm_source=google&utm_medium=wix_google_business_profile&utm_campaign=713965300857523334","https://happyvalleybrewingco.com.au/",yes
"6a3d5355-2117-4ac4-b027-190d54949aea","hastings-specialty-furniture","https://www.specialtyfurniture.com.au/?utm_source=google&utm_medium=organic&utm_campaign=gmb","https://www.specialtyfurniture.com.au/",yes
"c4782a21-0ae3-4879-8443-8335c3cea002","headrush-jewellery","https://headrushjewellery.com.au/?fbclid=PAAaZkFmRCtqL0PKWd1h_ADgZmQyov3cWabEJIBRTXJtfZ9ez7kZc62ifp2dg_aem_AUm_1xR8gtYJWzWIoW_sS9H9bi_rk57DpCE-NGX3JydshVqMxgD7dPkm2fSKH8fiEpA","https://headrushjewellery.com.au/",yes
"2a8a4e36-5571-4b6f-a2dc-be11b8b4603a","heaps-good-merch","http://www.heapsgoodmerch.com.au/?utm_source=google&utm_medium=wix_google_business_profile&utm_campaign=7497290039641553052","http://www.heapsgoodmerch.com.au/",yes
"2102b136-5386-4c79-a86c-055aab0e65ad","heres-looking-at-you-kid-spirits-and-distillery","https://www.hereslookingatyoukid.com.au/?utm_source=google&utm_medium=organic&utm_campaign=gmb","https://www.hereslookingatyoukid.com.au/",yes
"ce48aad7-5741-4369-9eaf-12e2a6886313","innocent-bystander","https://www.innocentbystander.com.au/?utm_source=gmb&utm_medium=organic&utm_campaign=gmb","https://www.innocentbystander.com.au/",yes
"796228ea-46ae-437b-a606-b47e4bc86f50","invision-nt","http://www.invisionnt.com.au/?utm_source=google&utm_medium=organic&utm_campaign=gmb","http://www.invisionnt.com.au/",yes
"2fe0b21a-17c4-4bc8-81c6-e6e2f4bd4e79","jarrimber-furniture","https://www.jarrimber.com.au/?utm_source=googlemybusiness&utm_medium=organic&utm_campaign=googlemybusiness","https://www.jarrimber.com.au/",yes
"49b63753-6a61-47d3-890b-fa2785bd090f","jbl-glass","http://www.jblglass.com.au/?utm_source=google&utm_medium=organic&utm_campaign=gmb","http://www.jblglass.com.au/",yes
"fb485a23-f117-4e81-9d3f-96a7147ce4b0","jetscreen-signs-and-screenprinting","http://www.jetscreen.com.au/?utm_source=google&utm_medium=organic&utm_campaign=gmb","http://www.jetscreen.com.au/",yes
"b4428b86-5f89-47ed-bd5d-e589a7e63e3a","johnos-fabric-centre","https://johnos-fabric-centre.edan.io/?utm_source=google&utm_medium=organic&utm_campaign=gmb","https://johnos-fabric-centre.edan.io/",yes
"4499045e-c9b4-4bc0-9324-fbdb17ac26dd","kimz-sewing-and-patchwork-centre","https://kimzsewing.com/?utm_source=google&utm_medium=organic&utm_campaign=gmb","https://kimzsewing.com/",yes
"1474ea35-d950-4314-bfe9-b773b194420f","kitchens-by-ccjs","https://www.ccjs.com.au/?utm_source=google&utm_medium=organic&utm_campaign=gmb","https://www.ccjs.com.au/",yes
"3a3ef5f7-0358-4c86-9600-038637c513c7","land-and-sea-noosa-brewing-company","https://www.landandseabrewery.com/?utm_source=google&utm_medium=organic&utm_campaign=gmb","https://www.landandseabrewery.com/",yes
"3be9b03b-7040-4270-bf68-8eaf30db16a8","land-sea-brewery","https://www.landandseabrewery.com/?utm_source=google&utm_medium=organic&utm_campaign=gmb","https://www.landandseabrewery.com/",yes
"b3ccd6a3-3498-44b8-b019-8b80368e75bc","langson-glass","https://langsonglass.com.au/?utm_source=google&utm_medium=organic&utm_campaign=gmb","https://langsonglass.com.au/",yes
"9c217bb5-76e8-4327-bf05-d73c02d22a29","latta-vino","http://www.lattavino.com.au/?utm_source=google&utm_medium=wix_google_business_profile&utm_campaign=7209483731089243033","http://www.lattavino.com.au/",yes
"d89a5743-3fb5-43de-b760-aac72b240e79","les-bistronomes","https://www.lesbistronomes.net/?utm_source=google&utm_medium=organic&utm_campaign=gmb","https://www.lesbistronomes.net/",yes
"dc7ec8f8-0004-484e-9fd7-bc7459ade4aa","little-dragon-ginger-beer","https://littledragon.com.au/?utm_source=Google&utm_medium=Organic&utm_campaign=GMB","https://littledragon.com.au/",yes
"af7d154e-ebfc-4317-980f-55266dc3009e","lovestone-cottages-montville","https://lovestonecottages.com.au/?utm_source=google&utm_medium=organic&utm_campaign=gbp-listing","https://lovestonecottages.com.au/",yes
"ae778823-5f59-4192-b447-ac02e5b41160","ludbrooks-joinery","https://ludbrooksjoinery.com.au/?utm_source=google&utm_medium=organic&utm_campaign=gmb","https://ludbrooksjoinery.com.au/",yes
"d4471469-d2ab-44e9-98d3-2398a1ec749d","lyres-spirit","https://lyres.com.au/?utm_source=google&utm_medium=organic&utm_campaign=gmb","https://lyres.com.au/",yes
"4870d1e9-75ea-43dc-b326-439a0eee6ebd","makin-whoopee-gift-shop","https://www.makinwhoopeegiftshop.com/?utm_source=google&utm_medium=organic&utm_campaign=gmb","https://www.makinwhoopeegiftshop.com/",yes
"28df95cb-e7b5-4a01-a59b-1769441c36df","marlix-bespoke-furniture-joinery","https://www.marlix.com.au/?utm_source=google&utm_medium=organic&utm_campaign=gmb","https://www.marlix.com.au/",yes
"b7f262b7-813d-43f7-a6fa-fa6100dd791a","martin-rogers-jewellery-adelaide-custom-jewellery-designers","http://www.martinrogers.com.au/?utm_source=google&utm_medium=GBP&utm_campaign=Adelaide&utm_content=MainLink","http://www.martinrogers.com.au/",yes
"c83120d9-2c72-485d-8b6e-5adf7f8b6d90","martin-rogers-jewellery-adelaide-custom-jewellery-designers-sa","http://www.martinrogers.com.au/?utm_source=google&utm_medium=GBP&utm_campaign=Adelaide&utm_content=MainLink","http://www.martinrogers.com.au/",yes
"bce7e70c-0778-4cf7-9602-68ec2cb2f9d9","materialised-design-studio-brisbane","https://www.materialised.com/?utm_campaign=Google%20My%20Business&utm_medium=organic&utm_source=googlemybusiness","https://www.materialised.com/",yes
"1afe0e59-5fde-4466-8e97-c0fc4e9acc16","materialised-design-studio-perth","https://materialised.com.au/?utm_campaign=Google%20My%20Business&utm_medium=organic&utm_source=googlemybusiness","https://materialised.com.au/",yes
"b2f18526-6a59-4b6c-85ae-861b330d482e","mcguigan-wines-cellar-door","https://www.mcguiganwines.com.au/?utm_source=gmb-listing&utm_medium=organic&utm_campaign=website","https://www.mcguiganwines.com.au/",yes
"2c1cbea9-4124-4adf-8dc7-b725ab9d31e6","merchants-of-the-sun","https://merchantsofthesun.com.au/?utm_source=google&utm_medium=organic&utm_campaign=gmb","https://merchantsofthesun.com.au/",yes
"42d9328e-3497-4800-9d18-2b4c99e2632a","michael-hill-bendigo-jewellery-store","https://www.michaelhill.com.au/?utm_source=google&utm_medium=organic&utm_campaign=Google%20My%20Business&utm_content=Michael%20Hill%20Bendigo%20Jewellery%20Store&utm_term=plcid_14198006690738998486","https://www.michaelhill.com.au/",yes
"5a8f4124-4afa-4c9d-bbd6-e7b99bdc12ec","michael-hill-cairns-central","https://www.michaelhill.com.au/stores/michael-hill-cairns-central?utm_source=googlebusinessprofile&utm_medium=organic&utm_campaign=website&utm_content=cairns-central&utm_term=plcid_11780831653180833866","https://www.michaelhill.com.au/stores/michael-hill-cairns-central",yes
"61a72150-5f3d-4304-b6e7-c381ea3f2ff0","michael-hill-coffs-harbour-jewellery-store","https://www.michaelhill.com.au/?utm_source=google&utm_medium=organic&utm_campaign=Google%20My%20Business&utm_content=Michael%20Hill%20Coffs%20Harbour%20Jewellery%20Store&utm_term=plcid_967699361212884382","https://www.michaelhill.com.au/",yes
"aee899d0-51d8-48fe-a432-b9ca838c4c63","michael-hill-crown-central-jewellery-store","https://www.michaelhill.com.au/?utm_source=google&utm_medium=organic&utm_campaign=Google%20My%20Business&utm_content=Michael%20Hill%20Crown%20Central%20Jewellery%20Store%20-%20Wollongong&utm_term=plcid_13234179355152167857","https://www.michaelhill.com.au/",yes
"dd900050-3a5b-4517-9893-c49207055874","michael-hill-darwin-jewellery-store","https://www.michaelhill.com.au/?utm_source=google&utm_medium=organic&utm_campaign=Google%20My%20Business&utm_content=Michael%20Hill%20Darwin%20Jewellery%20Store%20-%20Darwin%20City&utm_term=plcid_16258358158109399292","https://www.michaelhill.com.au/",yes
"0a5635c2-537a-46ca-9928-7d89d00b978a","michael-hill-grand-central-jewellery-store","https://www.michaelhill.com.au/?utm_source=google&utm_medium=organic&utm_campaign=Google%20My%20Business&utm_content=Michael%20Hill%20Grand%20Central%20Jewellery%20Store%20-%20Toowoomba%20City&utm_term=plcid_10323446880659934490","https://www.michaelhill.com.au/",yes
"a59b60b2-0b79-4290-9da0-02a99a4e3ce3","michael-hill-launceston-jewellery-store","https://www.michaelhill.com.au/?utm_source=google&utm_medium=organic&utm_campaign=Google%20My%20Business&utm_content=Michael%20Hill%20Launceston%20Jewellery%20Store&utm_term=plcid_276639014070223628","https://www.michaelhill.com.au/",yes
"08603edb-377e-4005-8dfa-3446ae5d5fbf","michael-hill-port-macquarie-jewellery-store","https://www.michaelhill.com.au/?utm_source=google&utm_medium=organic&utm_campaign=Google%20My%20Business&utm_content=Michael%20Hill%20Port%20Macquarie%20Jewellery%20Store&utm_term=plcid_9080134945019778265","https://www.michaelhill.com.au/",yes
"b9553e9d-1b9b-46e0-a995-2abba4f47450","michael-unwin-wines","https://michaelunwinwines.com.au/?utm_source=google&utm_medium=organic&utm_campaign=gmb","https://michaelunwinwines.com.au/",yes
"fffe8ec0-eaeb-4331-a0c1-770f38df3e15","mid-coast-printing","http://www.midcoastprinting.com/?utm_source=google&utm_medium=organic&utm_campaign=gmb","http://www.midcoastprinting.com/",yes
"a43cb4c0-3a26-4664-9a30-33028c7a9789","miss-midgleys","https://www.missmidgleys.com.au/?utm_source=organic&utm_medium=google_business_profile","https://www.missmidgleys.com.au/",yes
"4098f1a7-bc14-4eff-868f-b23d7d1f10ad","monro-designed-furniture","https://monrodesigned.com.au/?utm_source=google&utm_medium=organic&utm_campaign=gmb-website","https://monrodesigned.com.au/",yes
"a3cc1b91-ba5a-4593-9960-e3407c75a2f6","montalto","https://montalto.com.au/?utm_source=googlemaps&utm_medium=organic","https://montalto.com.au/",yes
"6d1db234-27be-4e7f-a05d-14b57e268c18","monty-brewing-co","https://montybrewingco.com.au/?utm_source=google&utm_medium=organic&utm_campaign=gmb","https://montybrewingco.com.au/",yes
"a54bb29d-9101-46fa-a029-ea20e0dae807","mountain-culture-beer","https://mountainculture.com.au/pages/katoomba-brewpub-restaurant?utm_source=organic&utm_medium=gbp_listing&utm_content=katoomba","https://mountainculture.com.au/pages/katoomba-brewpub-restaurant",yes
"1f415f5f-056d-4998-abb8-2013bc81527a","mountain-culture-brewery-emu-plains","https://mountainculture.com.au/pages/emu-plains-taproom-brewery?utm_source=organic&utm_medium=gbp_listing&utm_content=emu_plains","https://mountainculture.com.au/pages/emu-plains-taproom-brewery",yes
"44e0d22f-fdb8-4036-b40f-f681c2712a41","mountain-culture-brewery-hobart","https://mountainculture.com.au/pages/hobart-craft-beer-taproom?utm_source=organic&utm_medium=gbp_listing&utm_content=hobart","https://mountainculture.com.au/pages/hobart-craft-beer-taproom",yes
"3b392633-c714-4081-b84c-e515edd5d83a","mountain-culture-brewery-katoomba","https://mountainculture.com.au/pages/katoomba-brewpub-restaurant?utm_source=organic&utm_medium=gbp_listing&utm_content=katoomba","https://mountainculture.com.au/pages/katoomba-brewpub-restaurant",yes
"e3f576bc-3909-440e-a340-bc5e6ec0ed66","mountain-culture-brewery-melbourne","https://mountainculture.com.au/pages/melbourne-brewpub-restaurant?utm_source=organic&utm_medium=gbp_listing&utm_content=melbourne","https://mountainculture.com.au/pages/melbourne-brewpub-restaurant",yes
"8d93f24e-e560-4d34-aade-80e42e512846","mountain-culture-brewery-redfern","https://mountainculture.com.au/pages/redfern-bar?utm_source=organic&utm_medium=gbp_listing&utm_content=redfern","https://mountainculture.com.au/pages/redfern-bar",yes
"854d98e7-9690-4b84-8b48-01bd54cd1e7f","mullywood-studios","http://mullywood.com.au/?utm_source=google&utm_medium=organic&utm_campaign=gmb","http://mullywood.com.au/",yes
"95fd5d0a-2005-4c79-8c84-cf7366416972","my-jewellery-shop","https://myjewelleryshop.com.au/?utm_source=google&utm_medium=organic&utm_campaign=google_business_profile","https://myjewelleryshop.com.au/",yes
"6ec24b21-f14b-4091-9cba-8f4b6b86e081","naturally-timber-custom-made-furniture-sydney","https://naturallytimber.com.au/?utm_source=google&utm_medium=organic&utm_campaign=google_business_profile","https://naturallytimber.com.au/",yes
"7309506b-ec0b-423d-8df8-a8a54cafa1cd","newcastle-beer-fest","http://www.newcastlebeerfest.com.au/?utm_source=google&utm_medium=wix_google_business_profile&utm_campaign=12247833193122127236","http://www.newcastlebeerfest.com.au/",yes
"4f2e1ab1-88fd-417d-9bef-56e9ef2ee4ba","newcastle-jewellery-valuations","http://www.njvals.com.au/?utm_source=google&utm_medium=organic&utm_campaign=gmb","http://www.njvals.com.au/",yes
"5ced8e77-70c9-4df3-928b-d711a26418d2","nomadic-people-silver-jewellery-design","https://www.nomadicpeople.com.au/?utm_source=google&utm_medium=wix_google_business_profile&utm_campaign=9687245889460538836","https://www.nomadicpeople.com.au/",yes
"717223e8-ab88-4e7b-832a-11d6caab74e5","norrland","https://norrlandptyltd.com/?utm_source=google&utm_medium=organic&utm_campaign=gmb","https://norrlandptyltd.com/",yes
"cfcab349-2121-44d9-86c4-695b2a5d8b7d","oas-clay-creative","https://www.oasclaycreative.com.au/?utm_source=google&utm_medium=wix_google_business_profile&utm_campaign=3452937402977756288","https://www.oasclaycreative.com.au/",yes
"a1ebe9d6-2ef5-46f7-976d-4970e4dce2ef","obrien-glass-bendigo","https://www.obrien.com.au/locations/glazier-bendigo/?utm_source=google&utm_medium=organic&utm_campaign=gmb&utm_term=branch-bendigo&utm_content=glazing","https://www.obrien.com.au/locations/glazier-bendigo/",yes
"0cc8254f-0753-4b16-8b95-c6db9337b86c","one-drop-brewing-co","http://onedropbrewingco.com.au/?utm_source=google&utm_medium=wix_google_business_profile&utm_campaign=3190687379776620687","http://onedropbrewingco.com.au/",yes
"3a76a608-0185-4a78-bca3-03c323169f91","ordekian-jewellery-gold-coast-custom-and-handmade","https://ordekianjewellery.com.au/?utm_source=google_profile&utm_campaign=localo&utm_medium=mainlink","https://ordekianjewellery.com.au/",yes
"bc0b6df4-ece5-4f7d-8080-ff2f72b9068e","oz-design-coffs-harbour","https://ozdesignfurniture.com.au/showrooms/coffs-harbour/?utm_source=google&utm_medium=organic&utm_campaign=Coffs%20Harbour%20business%20profile&utm_term=plcid_6485348174579021997","https://ozdesignfurniture.com.au/showrooms/coffs-harbour/",yes
"0a2496d4-6dfe-486d-ba0f-769857df8c21","pandora-casuarina","https://stores.pandora.net/en-au/au-nt/casuarina/pandora-jewellery-auea40007a.html?utm_source=google&utm_medium=listing&utm_content=auea40007a&utm_campaign=AU-NT&utm_keyword=Casuarina","https://stores.pandora.net/en-au/au-nt/casuarina/pandora-jewellery-auea40007a.html",yes
"fa2f29ba-12cf-4de4-9d2f-9c2f9f9e7491","pandora-port-macquarie","https://stores.pandora.net/en-au/au-nsw/portmacquarie/pandora-jewellery-au0cc63ad4.html?utm_source=google&utm_medium=listing&utm_content=au0cc63ad4&utm_campaign=AU-NSW&utm_keyword=Port%20Macquarie","https://stores.pandora.net/en-au/au-nsw/portmacquarie/pandora-jewellery-au0cc63ad4.html",yes
"3a226fc3-ed46-4cf8-8c26-b9123d976fdd","patina-at-customs-house","https://patinacustomshouse.com.au/?utm_source=google&utm_medium=organic&utm_campaign=gbp","https://patinacustomshouse.com.au/",yes
"89134997-71c7-4d6b-b36d-4b00ec3a21d6","pavys-glass","https://www.pavysglass.com.au/?utm_source=google&utm_medium=organic&utm_campaign=gmb","https://www.pavysglass.com.au/",yes
"997e3990-5a2c-4746-a410-1754c81f8a80","payton-kitchens","https://www.paytonkitchens.com.au/?utm_source=google&utm_medium=organic&utm_campaign=gmb","https://www.paytonkitchens.com.au/",yes
"1b97b3b0-6165-45fa-b43f-b21d54128f59","peter-kendall-art-gallery","https://www.kendallart.com.au/?utm_source=google&utm_medium=wix_google_business_profile&utm_campaign=9160581966864224165","https://www.kendallart.com.au/",yes
"26942886-c08c-44fa-bb09-191e51b45bd9","petrena-windscreens","https://www.petrenawindscreens.com.au/?utm_source=google&utm_medium=organic&utm_campaign=gmb","https://www.petrenawindscreens.com.au/",yes
"c98beebd-4c0c-4f0b-85f4-64e4d0db76d6","pfitzner-furniture-furniture-maker-adelaide-hills","https://pfitzner.com.au/?utm_source=google&utm_medium=organic&utm_campaign=gmb_adelaide_hills","https://pfitzner.com.au/",yes
"3e562aca-f169-4366-b459-655e7a393c94","pfitzner-furniture-quality-furniture-adelaide","https://pfitzner.com.au/?utm_source=google&utm_medium=organic&utm_campaign=gmb","https://pfitzner.com.au/",yes
"d75c4e98-eeed-401f-bf5d-162753bee61a","pine-street-creative-arts-centre","https://www.cityofsydney.nsw.gov.au/community-centres/pine-street-creative-arts-centre?utm_content=Pine+Street+Creative+Arts+Centre+-+Chippendale&utm_campaign=Google+My+Business&utm_medium=organic&utm_source=google&utm_term=plcid_6057080680745554250","https://www.cityofsydney.nsw.gov.au/community-centres/pine-street-creative-arts-centre",yes
"cb729dff-6aba-48aa-97dc-9aa8140b7b23","pinot-and-picasso-ballarat","http://www.pinotandpicasso.com.au/ballarat?utm_source=google&utm_medium=organic&utm_campaign=gmb","http://www.pinotandpicasso.com.au/ballarat",yes
"2d210918-23fc-4616-ab1e-bc1ae792efab","port-heritage-jewellers-watch-and-clock-makers","https://www.localsearch.com.au/profile/port-heritage-jewellers-watch-clock-makers/port-macquarie-nsw-2444/107c?utm_source=google&utm_medium=organic&utm_campaign=gmb","https://www.localsearch.com.au/profile/port-heritage-jewellers-watch-clock-makers/port-macquarie-nsw-2444/107c",yes
"82ec2bc8-f472-4236-a51b-14c8e8061077","portsy-clay","https://www.portsyclay.com.au/?utm_source=google&utm_medium=wix_google_business_profile&utm_campaign=11942492358558813051","https://www.portsyclay.com.au/",yes
"43c991e8-dd2e-4755-af37-43be63df1631","poster-factory","https://www.posterfactory.com.au/?utm_source=gmb&utm_medium=organic&utm_campaign=gmb","https://www.posterfactory.com.au/",yes
"f3071ac4-fa8b-42e4-bc14-5b389848e4a5","printing-and-more-manuka","http://manukaprinting.com.au/?utm_source=google&utm_medium=gbp","http://manukaprinting.com.au/",yes
"7dd0e8d1-cbaa-4091-92c9-0ca98989ff5f","ps-ceramics","https://www.psceramics.com.au/?utm_source=google&utm_medium=wix_google_business_profile&utm_campaign=494252590920695300","https://www.psceramics.com.au/",yes
"49366c6c-b3cd-4d94-92b9-be3125b10d3c","riverbank-estate-winery","http://www.riverbankestate.com.au/?utm_source=gmb&utm_id=gmb","http://www.riverbankestate.com.au/",yes
"528f22ef-9992-4483-a4c2-d012116a6650","robert-gordon","https://www.robertgordonaustralia.com/?utm_source=google&utm_medium=organic&utm_campaign=GBP","https://www.robertgordonaustralia.com/",yes
"37b8ac88-083b-4cac-ba5c-68e75e466c91","ronalds-jewellers","https://ronaldsjewellers.com.au/?utm_source=Cairns+City&utm_medium=googleplaces","https://ronaldsjewellers.com.au/",yes
"8c4cf18a-6da3-44cb-b930-6672ff2310e1","rowe-design-gold-and-silversmith","https://rowedesign.com.au/?utm_source=google&utm_medium=organic&utm_campaign=gmb","https://rowedesign.com.au/",yes
"0bf63457-0da8-4682-a327-6bccb2e3c234","saltire-estate","https://www.saltireestate.com.au/?utm_source=Google&utm_medium=Organic&utm_campaign=GMB_KOD","https://www.saltireestate.com.au/",yes
"e53d16e1-696d-460c-9815-c14ba6f62dba","sams-patch","https://samspatch.com.au/?utm_source=google&utm_medium=local","https://samspatch.com.au/",yes
"7c5d072c-c02a-4e05-92a3-f6860083af5c","shadwicks-fine-jewellery","https://www.shadwicksfinejewellery.com.au/?utm_source=local&utm_medium=organic&utm_campaign=gmb","https://www.shadwicksfinejewellery.com.au/",yes
"7fa852a2-b5cc-4548-a059-0d85fa17fa5e","signcity-nt","http://www.signcitynt.com.au/?utm_source=google&utm_medium=organic&utm_campaign=gmb","http://www.signcitynt.com.au/",yes
"669c296e-61c5-435c-b881-2bfbfe73b1d3","simonetto-s-cabinets-and-joinery","https://www.simonetto.com.au/?utm_source=google&utm_medium=organic&utm_campaign=gmb","https://www.simonetto.com.au/",yes
"cc65951b-c1d1-4b1e-a5fd-e7239a8a0d50","snap-print-solutions-cairns","https://www.snap.com.au/snap-print-solutions-cairns.html?utm_source=google&utm_medium=organic&utm_campaign=gmb_cairns","https://www.snap.com.au/snap-print-solutions-cairns.html",yes
"67632c68-ee9e-4f54-9ae3-546043802015","snap-print-solutions-canberra-south","https://www.snap.com.au/snap-print-solutions-canberra-south.html?utm_source=google&utm_medium=organic&utm_campaign=gmb_CanberraSouth","https://www.snap.com.au/snap-print-solutions-canberra-south.html",yes
"a2261796-7c21-4169-9b79-37c1de22fad3","snap-print-solutions-hobart","https://www.snap.com.au/snap-print-solutions-hobart.html?utm_source=google&utm_medium=organic&utm_campaign=gmb_hobart","https://www.snap.com.au/snap-print-solutions-hobart.html",yes
"0f44c91e-3974-4dc9-9fe0-0d0d64b2103d","snap-print-solutions-northbridge","https://www.snap.com.au/snap-print-solutions-northbridge.html?utm_source=google&utm_medium=organic&utm_campaign=gmb_northbridge","https://www.snap.com.au/snap-print-solutions-northbridge.html",yes
"cd286db4-caae-4eea-9660-35ca1e182570","snap-print-solutions-perth-cbd","https://www.snap.com.au/snap-print-solutions-perth-cbd.html?utm_source=google&utm_medium=organic&utm_campaign=gmb_perth-cbd","https://www.snap.com.au/snap-print-solutions-perth-cbd.html",yes
"14b3e1a8-f2cf-4a0b-af5d-0f3761e12949","snap-print-solutions-port-macquarie","https://www.snap.com.au/snap-print-solutions-port-macquarie.html?utm_source=google&utm_medium=organic&utm_campaign=gmb_port-macquarie","https://www.snap.com.au/snap-print-solutions-port-macquarie.html",yes
"c52d975d-f109-45c9-bbe2-16d378a52ef2","snap-print-solutions-toowoomba","https://www.snap.com.au/snap-print-solutions-toowoomba.html?utm_source=google&utm_medium=organic&utm_campaign=gmb_toowoomba","https://www.snap.com.au/snap-print-solutions-toowoomba.html",yes
"9e30ad59-f628-47bb-b616-551e78c86695","snap-print-solutions-west-perth","https://www.snap.com.au/snap-print-solutions-west-perth.html?utm_source=google&utm_medium=organic&utm_campaign=gmb_west-perth","https://www.snap.com.au/snap-print-solutions-west-perth.html",yes
"7ca43b57-ba74-41a3-a0d5-b1bdfad9ad6c","snap-print-solutions-wollongong","https://www.snap.com.au/snap-print-solutions-wollongong.html?utm_source=google&utm_medium=organic&utm_campaign=gmb_wollongong","https://www.snap.com.au/snap-print-solutions-wollongong.html",yes
"5c75235a-56cd-4640-8677-e0f56bfee7cd","soulesque-art-and-wellbeing-studio","http://soulesque.net/?utm_source=gmb&utm_medium=referral","http://soulesque.net/",yes
"81c4d643-f965-4f25-8da8-bdfb00a825b2","sportstar-screenprinting","https://www.sportstarscreenprinting.com.au/?utm_source=google&utm_medium=organic&utm_campaign=gmb","https://www.sportstarscreenprinting.com.au/",yes
"0a22e9c1-514c-439d-a839-4be18f64a621","spotlight-coffs-harbour","https://www.spotlightstores.com/store/new-south-wales/spotlight-coffs-harbour/s082?utm_source=google&utm_medium=organic&utm_campaign=Google+My+Business&utm_content=Spotlight+Coffs+Harbour&utm_term=plcid_4838261669146729926","https://www.spotlightstores.com/store/new-south-wales/spotlight-coffs-harbour/s082",yes
"4073aa2d-04c4-47b5-b8de-95af0c855425","spotlight-darwin","https://www.spotlightstores.com/store/northern-territory/spotlight-darwin/s057?utm_source=google&utm_medium=organic&utm_campaign=Google%20My%20Business&utm_content=Spotlight%20Darwin%20-%20Millner&utm_term=plcid_7719103336797553354","https://www.spotlightstores.com/store/northern-territory/spotlight-darwin/s057",yes
"94481a36-f73f-49f1-9f80-ca28451d6867","spotlight-launceston","https://www.spotlightstores.com/store/tasmania/spotlight-launceston/s011?utm_source=google&utm_medium=organic&utm_campaign=Google+My+Business&utm_content=Spotlight+Launceston&utm_term=plcid_7558431728108417202","https://www.spotlightstores.com/store/tasmania/spotlight-launceston/s011",yes
"6c9e6108-0170-41e4-b1f5-a83afdfc1b03","starward-distillery-and-bar","https://starward.com.au/?utm_source=google&utm_medium=organic&utm_campaign=gmb_listing","https://starward.com.au/",yes
"3e7cb6d9-2a18-44f4-bb60-89271acb8ac7","starward-whisky","https://starward.com.au/?utm_source=google&utm_medium=organic&utm_campaign=gmb_listing","https://starward.com.au/",yes
"edd2e879-8242-46ce-be0e-1b4ac528089d","stone-and-wood","https://stoneandwood.com.au/pages/byron-bay?utm_source=google&utm_medium=organic&utm_campaign=gbp","https://stoneandwood.com.au/pages/byron-bay",yes
"9d60b77a-a773-4e19-9342-b0574ed4cf1b","stone-and-wood-brewery-byron-bay","https://stoneandwood.com.au/pages/byron-bay?utm_source=google&utm_medium=organic&utm_campaign=gbp","https://stoneandwood.com.au/pages/byron-bay",yes
"117a9d67-fc64-4197-ab6f-6b33664a9a6f","stone-wood-byron-bay","https://stoneandwood.com.au/pages/byron-bay?utm_source=google&utm_medium=organic&utm_campaign=gbp","https://stoneandwood.com.au/pages/byron-bay",yes
"d71a29ea-3f6b-44c7-806f-2e31030cc185","studio-medea-artigianato-dal-mediterraneo","https://studiomedea.com/?utm_source=GMB&utm_medium=organic","https://studiomedea.com/",yes
"3c275c07-72b6-4fa7-ab2a-3cb690ff2124","sunshine-coast-art-and-framing-gallery","https://artframes.com.au/?utm_source=google&utm_medium=organic&utm_campaign=gmb-listing","https://artframes.com.au/",yes
"f9a09f1c-3af3-443e-8148-79f396f17fa9","sunstate-jewellers","http://www.sunstatejewellers.com.au/?utm_source=google&utm_medium=organic&utm_campaign=gmb","http://www.sunstatejewellers.com.au/",yes
"609f4128-9c90-4de1-b936-5c4f223b5712","swinging-bridge-wines","https://www.swingingbridge.com.au/?utm_source=google&utm_medium=organic&utm_campaign=gmb-listing","https://www.swingingbridge.com.au/",yes
"d0e6d636-ded2-440e-b0d8-502454036bd6","tan-lines-distilling","http://tanlinesdistilling.com/?utm_source=google&utm_medium=organic&utm_campaign=gmb","http://tanlinesdistilling.com/",yes
"7025bdad-0aa8-4505-8e77-93135a576207","taylors-wines","https://www.taylorswines.com.au/?utm_source=auburn-sa&utm_medium=gmb-listing&utm_campaign=gmb&utm_content=auburn-sa","https://www.taylorswines.com.au/",yes
"cba6cc7a-a00c-4dd1-8e5f-8d49a4571950","teddy-sinclair","http://www.teddysinclair.com/?utm_source=GMBlisting&utm_medium=organic&utm_campaign=gmb-listing","http://www.teddysinclair.com/",yes
"05679d35-5530-4cb3-b76a-92745f425b4b","tee-shirt-republic","http://teeshirtrepublic.com.au/?utm_source=gmb&utm_medium=local&utm_campaign=inbound","http://teeshirtrepublic.com.au/",yes
"842db2a3-025e-4e1e-9386-7ebd6652be8c","the-beer-factory","https://www.thebeerfactory.net.au/?utm_source=Google&utm_medium=Organic&utm_campaign=GMB","https://www.thebeerfactory.net.au/",yes
"c317f3c4-a710-4fea-9ee2-d6bfe66aa22f","the-classic-jewellers-engagement-rings","https://theclassicjewellers.com/?utm_campaign=gmb","https://theclassicjewellers.com/",yes
"0db73fdd-260f-4bf7-9032-b3ceb2ff8b98","the-fabric-printer","https://fabricprinter.com.au/?utm_source=gmb&utm_medium=local&utm_campaign=inbound","https://fabricprinter.com.au/",yes
"0b945ab0-8b44-42c5-99e0-1db99c144e3f","the-generous-squire","http://www.thegeneroussquire.com.au/?utm_campaign=gmb&utm_medium=organic&utm_source=google&utm_term=plcid_17409308233478127209","http://www.thegeneroussquire.com.au/",yes
"097d2e97-e8db-4005-b0ac-87c072f7203c","the-leadlight-gallery-geelong-and-ballarat","https://theleadlightgallery.com.au/?utm_source=organic&utm_medium=google&utm_campaign=GMBlisting","https://theleadlightgallery.com.au/",yes
"22f475e1-e6fe-458b-a7ab-547ad3df1753","the-mainstay-farmstay","https://www.themainstay.com.au/?utm_source=local&utm_medium=organic&utm_campaign=gmb&utm_content=website","https://www.themainstay.com.au/",yes
"8373dcc2-7532-4193-a7c2-d8fee1521b5a","the-sewing-project","http://www.thesewingproject.com.au/?utm_source=google&utm_medium=organic&utm_campaign=gmb","http://www.thesewingproject.com.au/",yes
"7b36177b-78d6-413c-934e-9376a28d9932","the-tivoli","https://www.thetivoli.com.au/?utm_source=google&utm_medium=gmb&utm_campaign=seo","https://www.thetivoli.com.au/",yes
"fb0b55ef-7419-4a69-ae64-94bf99f2b700","the-wood-room","https://thewoodroom.com.au/?utm_source=google&utm_medium=organic&utm_campaign=Google%20My%20Business","https://thewoodroom.com.au/",yes
"aba148ff-1e30-4d11-88b1-e46d8f3487ab","thomas-meihofer-jewellery-design","https://www.thomasmeihoferjewellery.com.au/?utm_source=google&utm_medium=organic&utm_campaign=gmb","https://www.thomasmeihoferjewellery.com.au/",yes
"27dc1685-7f2d-453f-af97-886a1e9bb666","top-end-joinery","https://www.topendjoinery.com.au/?utm_source=google&utm_medium=organic&utm_campaign=gmb","https://www.topendjoinery.com.au/",yes
"b6675a95-fb5a-48ca-b56f-9e1bad399a48","traditional-turnings","https://traditionalturnings.com.au/?utm_source=google&utm_medium=organic&utm_campaign=gmb","https://traditionalturnings.com.au/",yes
"ee55eed4-9b04-4d6f-9438-1e0e869bbabe","truffle-hill","https://www.trufflehill.com.au/?utm_source=google&utm_medium=organic&utm_campaign=gmb","https://www.trufflehill.com.au/",yes
"7e6220ab-f389-48d0-ab4d-c3f4ad360661","tuft-and-touch-tufting-studio","https://tuftandtouch.com/?utm_source=google&utm_medium=wix_google_business_profile&utm_campaign=18358514813205833221","https://tuftandtouch.com/",yes
"5e752d17-3d3a-45a9-9221-71d451c88eca","tulloch-wines","https://www.tullochwines.com/?utm_source=google&utm_medium=organic&utm_campaign=GMB","https://www.tullochwines.com/",yes
"8976a85b-041c-431c-9207-9ad06c7ba8de","twobays-brewing-co-brewery-mornington-peninsula","https://www.twobays.beer/?utm_source=GMBlisting&utm_medium=organic","https://www.twobays.beer/",yes
"75bd9dad-f216-4a2f-9f7c-119b8bff7ff9","underart-gallery","https://www.underart.com.au/?utm_source=google&utm_medium=organic&utm_campaign=gmb","https://www.underart.com.au/",yes
"8dac378e-6546-4d9e-879b-e800c9051ee9","upper-reach-winery","https://www.upperreach.com.au/?utm_source=gmb&utm_medium=organic&utm_campaign=website-button","https://www.upperreach.com.au/",yes
"9cc2bf57-8ec4-4ee8-bd0f-606a65ce90d4","utopia-records","https://www.utopia.com.au/?utm_source=gmb&utm_medium=organic","https://www.utopia.com.au/",yes
"801e4bcc-dede-4708-bc2b-e324068f81e4","walkabout-wildlife-sanctuary","https://www.walkaboutpark.com.au/?utm_source=google&utm_medium=organic&utm_campaign=Google%20My%20Business%20Page","https://www.walkaboutpark.com.au/",yes
"d4659676-178a-45b8-a6d9-d8a1c9a0851e","wallace-bishop-cairns","https://www.wallacebishop.com.au/?utm_source=google&utm_medium=organic&utm_campaign=gbpCAIRNS","https://www.wallacebishop.com.au/",yes
"1da19ab7-5df9-4004-a812-0700f58c6a39","wallace-bishop-coffs-harbour","https://www.wallacebishop.com.au/?utm_source=google&utm_medium=organic&utm_campaign=gbpCOFFSHARBOUR","https://www.wallacebishop.com.au/",yes
"68b7759c-4a93-42ee-89ed-e468c9be456f","wallace-bishop-toowoomba","https://www.wallacebishop.com.au/?utm_source=google&utm_medium=organic&utm_campaign=gbpTOOWOOMBA","https://www.wallacebishop.com.au/",yes
"86bf6ab0-62df-42d6-8a31-0aadd3dbbfcd","wine-for-dudes","http://www.winefordudes.com/?utm_source=google&utm_medium=wix_google_business_profile&utm_campaign=5510681903531085919","http://www.winefordudes.com/",yes
"8678ebf1-a727-447f-a5ac-b2c920b31e82","wirra-wirra-mclaren","https://wirrawirra.com/?utm_source=google&utm_medium=organic&utm_campaign=gmb","https://wirrawirra.com/",yes
"cd32de49-549e-40f0-85c8-44cd35135340","wirra-wirra-vineyards","https://wirrawirra.com/?utm_source=google&utm_medium=organic&utm_campaign=gmb","https://wirrawirra.com/",yes
"ed13b4f3-2682-466a-82e2-09acb827ea07","wise-eagle-bay-restaurant","https://www.wisewine.com.au/?utm_source=google&utm_medium=organic&utm_campaign=gbp","https://www.wisewine.com.au/",yes
"02b787c8-4a47-4521-ba3b-33dbb9df0968","wolf-lane-distillery","https://wolflanedistillery.com.au/?utm_source=google&utm_medium=organic&utm_campaign=gmb","https://wolflanedistillery.com.au/",yes
"3c814af6-371f-4b63-aeb3-01c0c9a901b7","wollongong-art-gallery","https://wollongongartgallery.au/?utm_content=Wollongong+Art+Gallery&utm_campaign=Google+My+Business&utm_medium=organic&utm_source=google&utm_term=plcid_12915454130383960004","https://wollongongartgallery.au/",yes
"c3cced44-ebf4-4fd1-97c0-ce7498dab43f","wood-bilt-kitchens-and-sales","https://www.localsearch.com.au/profile/wood-bilt-kitchens-sales/westcourt-qld/520D?utm_source=google&utm_medium=organic&utm_campaign=gmb-website-button","https://www.localsearch.com.au/profile/wood-bilt-kitchens-sales/westcourt-qld/520D",yes
"0a76b40d-4002-4984-8d70-e11951a0beea","wood-dining-tables-sydney-growready","https://www.growready.com.au/?utm_source=gmb&utm_medium=organic&utm_campaign=gmb","https://www.growready.com.au/",yes
"89fa6098-68ab-4ab0-9a04-3272bf98e1c7","worldwide-fremantle-and-oconnor","https://www.worldwide.com.au/centres/o-connor/?utm_source=google&utm_medium=organic&utm_campaign=gmb_oconnor","https://www.worldwide.com.au/centres/o-connor/",yes
"04ff21b4-43ca-45ff-9998-d1337a654156","worldwide-wollongong","https://www.worldwide.com.au/centres/wollongong/?utm_source=google&utm_medium=organic&utm_campaign=gmb_woolongong","https://www.worldwide.com.au/centres/wollongong/",yes
"f0eb97d3-1b87-485d-9dbf-50999db8d75e","wr-cabinet-making-and-joinery","https://www.localsearch.com.au/profile/wr-cabinet-making-joinery/winnellie-nt/k9No/?utm_source=google&utm_medium=organic&utm_campaign=gmb","https://www.localsearch.com.au/profile/wr-cabinet-making-joinery/winnellie-nt/k9No/",yes
"154ef079-e1e0-4011-b1c6-7d261e9ca54d","your-mates-brewing-co","https://yourmatesbrewing.com/?utm_source=google&utm_medium=gmb&utm_campaign=profile_clicks","https://yourmatesbrewing.com/",yes
"491e3d38-0f52-4a96-a881-6ad73fc05310","zeal-3d-services-brisbane","https://www.zeal3dprinting.com.au/3d-printing-brisbane/?utm_source=google&utm_medium=organic&utm_campaign=gmb","https://www.zeal3dprinting.com.au/3d-printing-brisbane/",yes